-- phpMyAdmin SQL Dump
-- version 4.9.7
-- https://www.phpmyadmin.net/
--
-- Host: localhost
-- Generation Time: 25 มิ.ย. 2021 เมื่อ 03:08 PM
-- เวอร์ชันของเซิร์ฟเวอร์: 5.5.62
-- PHP Version: 5.5.38

SET SQL_MODE = "NO_AUTO_VALUE_ON_ZERO";
SET AUTOCOMMIT = 0;
START TRANSACTION;
SET time_zone = "+00:00";


/*!40101 SET @OLD_CHARACTER_SET_CLIENT=@@CHARACTER_SET_CLIENT */;
/*!40101 SET @OLD_CHARACTER_SET_RESULTS=@@CHARACTER_SET_RESULTS */;
/*!40101 SET @OLD_COLLATION_CONNECTION=@@COLLATION_CONNECTION */;
/*!40101 SET NAMES utf8mb4 */;

--
-- Database: `todojczy_todo`
--
CREATE DATABASE IF NOT EXISTS `todojczy_todo` DEFAULT CHARACTER SET tis620 COLLATE tis620_thai_ci;
USE `todojczy_todo`;

-- --------------------------------------------------------

--
-- โครงสร้างตาราง `FB_USER`
--

CREATE TABLE `FB_USER` (
  `FB_USER_ID` int(10) NOT NULL,
  `USER_ID` int(15) DEFAULT NULL,
  `FB_ID` varchar(225) DEFAULT NULL
) ENGINE=MyISAM DEFAULT CHARSET=tis620;

--
-- dump ตาราง `FB_USER`
--

INSERT INTO `FB_USER` (`FB_USER_ID`, `USER_ID`, `FB_ID`) VALUES
(1, 55, '2946600202330010'),
(2, 56, '429178071665539'),
(3, 57, '5082018975204586'),
(4, 58, '1098961500516377'),
(5, 59, '897248384355275'),
(6, 61, '2843210572566180');

-- --------------------------------------------------------

--
-- โครงสร้างตาราง `LOGIN_LOG`
--

CREATE TABLE `LOGIN_LOG` (
  `LOG_ID` int(10) NOT NULL,
  `USER_ID` int(10) DEFAULT NULL,
  `USER_IP` varchar(30) DEFAULT NULL,
  `TIME_REG` timestamp NOT NULL DEFAULT CURRENT_TIMESTAMP
) ENGINE=MyISAM DEFAULT CHARSET=tis620;

-- --------------------------------------------------------

--
-- โครงสร้างตาราง `USER`
--

CREATE TABLE `USER` (
  `USER_ID` int(10) NOT NULL,
  `USER_USERNAME` varchar(50) DEFAULT NULL,
  `USER_PASSWORD` varchar(50) DEFAULT NULL,
  `USER_NICKNAME` varchar(50) DEFAULT NULL,
  `REGIS_TIME` timestamp NOT NULL DEFAULT CURRENT_TIMESTAMP,
  `USER_UUID` varchar(225) DEFAULT '0'
) ENGINE=InnoDB DEFAULT CHARSET=utf8mb4 ROW_FORMAT=DYNAMIC;

--
-- dump ตาราง `USER`
--

INSERT INTO `USER` (`USER_ID`, `USER_USERNAME`, `USER_PASSWORD`, `USER_NICKNAME`, `REGIS_TIME`, `USER_UUID`) VALUES
(1, 'admin', 'af8978b1797b72acfff9595a5a2a373ec3d9106d', 'ดราก้อน', '2021-01-06 10:52:39', '5cf4c9bc-7d33-4d39-9e78-f210a86a1364'),
(14, 'Sorasak', '40bd001563085fc35165329ea1ff5c5ecbdbbeef', 'Nicee', '2020-10-03 06:08:21', 'a1de8923-c5a7-4785-b4f2-ba7eb6c166c3'),
(46, 'Nicee', '40bd001563085fc35165329ea1ff5c5ecbdbbeef', 'ศิลปินโซไนท์', '2021-01-07 02:13:44', 'aa820ecb-7639-493d-807a-c5ea45017565'),
(48, 'not12345', '37d4377e7e2dffe4c31873bc2f13e7e2ce0abb0e', 'สวัสดีเทวิน!!', '2021-01-12 05:29:01', '23198adf-d11b-42af-b820-8d34d8df9406'),
(54, 'maylonn', '7110eda4d09e062aa5e4a390b0a572ac0d2c0220', 'may', '2021-01-22 13:19:02', 'd5be00fb-6a16-47ac-9228-72b2f513585b'),
(55, '2946600202330010', 'd343cc172faafda6d9e84811e5e306d48890c3ba', 'Thewin Thamma', '2021-01-23 19:33:46', 'ac3ddad3-0288-455e-9f7c-ab15e7378eef'),
(56, '429178071665539', '73ee9be9bf3e64324e431b5f5783525110e8499f', 'Thung Pang', '2021-02-02 10:25:56', '6d96562e-c6eb-4334-9646-5ba5271b94fa'),
(57, '5082018975204586', '691bc85ad5d5c51a600842dc01741a38b65d5b56', 'Warakorn Chantranupong', '2021-02-07 07:21:30', 'aaebd5a6-6b6a-4263-b399-eff558a8abc1'),
(58, '1098961500516377', '6807cea8abaa6c74e1526a66a18a75e4b2b37e08', 'Warut Jantasri', '2021-02-07 08:18:16', '74b4738c-9a0d-43b8-bee5-76787c5fc957'),
(59, '897248384355275', '852cfd4ffe3f2658f86e008b75d3191ada79d17f', 'นายดุสิต โคตะมี', '2021-02-12 08:31:16', '3ab03e89-c9d6-408a-b212-7d884c75d54b'),
(60, 'Krxtsxkxrn', '83b30a334a1e02a33c5d9f13198d21dad6f0ce2f', 'Prince', '2021-02-24 06:28:34', '81a751db-dc34-441b-8737-308a0d50a619'),
(61, '2843210572566180', '1fef5a43793108ce9abf66dc4432576ab481d52f', 'Narongrat Kaenmuaug', '2021-02-27 15:44:14', '24a333e8-4db2-4486-8312-a09a9ca6c0b6'),
(62, 'eiei', '10f34b0f48737522e2cf4a46ed676930706fca03', 'eiei', '2021-03-22 14:42:23', 'c140edc2-64f0-4c11-8fe1-3da66ca244fb'),
(63, 'Richard Mallozzistein', '9cf3588fea4ae78dd638b285856a5275b887d5b5', 'Richard ', '2021-05-14 06:43:28', 'd8e0c0a5-e32f-4d62-aa41-059e0ae51f68');

-- --------------------------------------------------------

--
-- โครงสร้างตาราง `USER_LINE_TOKEN`
--

CREATE TABLE `USER_LINE_TOKEN` (
  `UL_ID` int(10) NOT NULL,
  `USER_ID` int(10) DEFAULT NULL,
  `USER_TOKEN` varchar(100) NOT NULL,
  `TIME_REG` timestamp NOT NULL DEFAULT CURRENT_TIMESTAMP
) ENGINE=MyISAM DEFAULT CHARSET=tis620;

--
-- dump ตาราง `USER_LINE_TOKEN`
--

INSERT INTO `USER_LINE_TOKEN` (`UL_ID`, `USER_ID`, `USER_TOKEN`, `TIME_REG`) VALUES
(2, 2, 'thhdQTTeJa9leMvCuxI2DJCLIlzuNPaYA3CCynUz6pW', '2020-10-11 13:16:00'),
(3, 12, 'ta7p5VA8qofoA8mYaefrup3G4pwS6dlnWvwXyJInc9a', '2020-10-12 07:14:44'),
(4, 19, 'wE3T7asGCvnmTFMgOQ0nneEB7EtEvJn5fX3kF9CaKgt', '2020-10-14 01:52:53'),
(6, 32, 'xXJNUJ9k6Mfcv862MJLhXUm6Ogj0BcL9fjamedLh7If', '2020-11-17 05:38:25'),
(7, 28, 'TjjlMFaP8rjuTH9YHgig4W7Y657WhqlHxjrh4PW012U', '2020-12-26 16:08:00'),
(10, 46, 'd6HCXoJHUvchXXoGB6jh1ByZIgkzKm1hGlpalSKWcHq', '2021-01-07 03:32:04'),
(11, 48, 'EsnyedG0NsdM0kWcBKIAOSQyqz9zMauGTJC4m9ObDNw', '2021-01-12 05:35:32'),
(12, 54, 'IfUmGyijbczbKNQUr7qKEemKOWFPAwwbMYnwfU0yRNn', '2021-01-22 13:20:18');

-- --------------------------------------------------------

--
-- โครงสร้างตาราง `WORK`
--

CREATE TABLE `WORK` (
  `WORK_ID` int(10) NOT NULL,
  `USER_ID` int(10) NOT NULL,
  `WORK_NAME` varchar(225) NOT NULL,
  `WORK_DESC` varchar(600) DEFAULT NULL,
  `WORK_DEADLINE` timestamp NULL DEFAULT NULL,
  `WORK_REG` timestamp NOT NULL DEFAULT CURRENT_TIMESTAMP,
  `WORK_STATUS` tinyint(1) DEFAULT NULL
) ENGINE=InnoDB DEFAULT CHARSET=utf8mb4 ROW_FORMAT=DYNAMIC;

--
-- dump ตาราง `WORK`
--

INSERT INTO `WORK` (`WORK_ID`, `USER_ID`, `WORK_NAME`, `WORK_DESC`, `WORK_DEADLINE`, `WORK_REG`, `WORK_STATUS`) VALUES
(144, 1, '💊ลุงคณิต', 'Exercise 4 ตัวแปรสุ่มและการแจกแจงตัวแปรสุ่ม\nhttps://app.classstart.org/#/classes/53546/assignments', '2021-01-11 00:00:00', '2021-01-11 09:08:34', 0),
(145, 1, '🎄ทรัพย์', '✨ให้ยกตัวอย่างจุลินทรีย์ที่นิสิตรู้จักและคุ้นเคยในชีวิตที่ผ่านมา อย่างน้อย 1 ชนิด\n อธิบายประโยชน์จากที่เคยสัมผัสและเพิ่มเติมคุณสมบัติหรือประโยชน์อื่นๆจากการค้นหาจากแหล่งข้อมูลอื่นๆพอสังเขป และเพิ่มเติมรูปภาพอ้างอิงที่มาหรือวาดรูประบายสีประกอบ ให้ชิ้นงานน่าสนใจ (ทบทวน power point บทที่ 2)', '2021-01-11 00:00:00', '2021-01-10 20:57:00', 0),
(146, 1, '🚨1หลักสูตร1ส้นตีน', 'เขียนโครงงานห่าไรไม่รู้', '2021-01-12 00:00:00', '2021-01-10 10:10:35', 0),
(147, 46, 'สรุปงาน ศิลปะวิจักษ์', 'สรุปเนื้อหา\nบท 3 4 5\nบทละ 3 หน้า\n\nสไลด์ใน classroom', '2021-01-12 00:00:00', '2021-01-10 07:11:11', 0),
(148, 46, 'เขียนโครงการ', 'เขียนโครงการ แบบจริง\n\nใน classroom', '2021-01-10 00:00:00', '2021-01-10 11:35:03', 0),
(149, 46, 'แบบฝึก สถิติ', 'ทำแบบฝึก', '2021-01-11 00:00:00', '2021-01-11 06:12:48', 0),
(152, 1, 'ลุงอนิรุฑ', '•สร้าง Icon 3 อัน สำหรับนำไปใช้งานในเว็บขายปลา โดยให้มีความหมายดังนี้\n1. Icon ปลาในร้านของเรา\n2. Icon ยารักษาปลา\n3. Icon ตู้ปลา\n•โดยใช้โปรแกรมสำหรับสร้าง Icon ให้นามสกุลเป็น .ico\nการส่งให้ Zip ไฟล์ทั้ง 3 ส่งเข้า wbi', '2021-01-15 00:00:00', '2021-01-13 19:01:29', 0),
(153, 1, 'พ่อใหญ่นักคณิต', 'f(x)', '2021-01-11 00:00:00', '2021-01-09 19:15:46', 0),
(154, 1, 'ความน่าสิเป็น', 'บลาๆ', '2021-01-11 00:00:00', '2021-01-09 19:15:35', 0),
(155, 1, 'ข้อสอบ1หลัก', 'ทำ1หลักสัส', '2021-01-11 00:00:00', '2021-01-09 19:16:49', 0),
(156, 1, 'บลาๆ', 'ห้าๆ', '2021-01-09 00:00:00', '2021-01-10 04:12:22', 0),
(157, 1, 'Exercise 5 การประมาณค่า', 'https://app.classstart.org/#/classes/53546/assignments/132256', '2021-01-18 00:00:00', '2021-01-18 06:20:15', 0),
(158, 48, 'Test', 'มาจุ้บๆ', '2021-01-13 00:00:00', '2021-01-12 05:30:26', 1),
(160, 48, 'Test', 'มาจุ้บๆ', '2021-01-13 00:00:00', '2021-01-12 05:31:13', 1),
(162, 46, 'HCI design UserInterface', 'ออกแบบ user interface โปรแกรมสำหรับจัดการการเช่าจอดมอเตอร์ไซด์สำหรับเจ้าของร้านเข่าจอด ซึ่งสามารถทำงานได้ดังนี้\n\n1. รับฝากจอดรถจากลูกค้า\n\n2. ลูกค้ามารับรถ\n\n3. แสดงรายรับ ประจำวัน\n\n4. รายการรถที่ยังไม่มารับ + รถที่จอดนานเกินไป\n\n5. เป็นโปรแกรมใช้บน Iphone ให้การทำงานเชื่อมโยงกันไปมาได้\n\nsave เป็นไฟล์ .vp  Zip ส่ง', '2021-01-20 00:00:00', '2021-01-18 14:32:18', 0),
(163, 46, 'Exercise 5 การประมาณค่า', 'แบบฝึก', '2021-01-17 00:00:00', '2021-01-17 19:38:23', 0),
(164, 1, 'ออกแบบ User interface ', 'ส่งวันที่ 22 ม.ค.\nใช้โปรแกรม https://www.justinmind.com/download\n\nดูวิธีใช้งานจาก youtube \n\nออกแบบ user interface โปรแกรมสำหรับจัดการการเช่าจอดมอเตอร์ไซด์สำหรับเจ้าของร้านเข่าจอด ซึ่งสามารถทำงานได้ดังนี้\n\n1. รับฝากจอดรถจากลูกค้า\n\n2. ลูกค้ามารับรถ\n\n3. แสดงรายรับ ประจำวัน\n\n4. รายการรถที่ยังไม่มารับ + รถที่จอดนานเกินไป\n\n5. เป็นโปรแกรมใช้บน Iphone ให้การทำงานเชื่อมโยงกันไปมาได้\n\nsave เป็นไฟล์ .vp  Zip ส่ง', '2021-01-22 00:00:00', '2021-01-20 18:03:22', 0),
(166, 46, 'SA', 'ทำ powerpiont นำเสนอ', '2021-01-20 00:00:00', '2021-01-17 19:38:15', 0),
(167, 46, 'HCI', 'วีดีโอ web design + งาน ทำเว็บ 1 ชิ้น', '2021-01-26 00:00:00', '2021-01-18 15:37:58', 0),
(168, 46, 'แบบฝึก Static', 'แบบฝึก', '2021-01-24 00:00:00', '2021-02-22 11:14:39', 0),
(169, 1, 'Exercise 6 การทดสอบสมมติฐานdra', 'https://app.classstart.org/#/classes/53546/assignments/133527', '2021-01-25 00:00:00', '2021-01-25 06:06:51', 0),
(170, 46, 'สอบ', 'สอบย่อย static', '2021-01-23 00:00:00', '2021-02-22 11:14:41', 0),
(171, 1, 'ออกแบบเว็บด้วย mobirise 4', 'ให้ทำ portfolio นำเสนอข้อมูลตนเอง ญาติพี่น้อง สิ่งที่ชอบ/ไม่ชอบ \nอื่นๆ ตามใจชอบ ด้วยโปรแกรม mobirise 4 ให้ public\nเป็นเว็บแล้ว Zip ส่งเข้า wbi นะจ๊ะ\nhttp://www.wbi.msu.ac.th/student.asp?work=22&amp;home_no=12270\n', '2021-01-29 00:00:00', '2021-01-29 09:06:39', 0),
(175, 54, 'สอบกฎหมาย', 'สอบ30', '2021-01-28 00:00:00', '2021-01-31 05:21:56', 0),
(176, 54, ' วิทยาศาสตร์และเทคโนโลยีในสังคมโลกาภิวัตน์', 'สอบ 5', '2021-02-04 00:00:00', '2021-01-22 13:22:46', 1),
(177, 54, 'หนึ่งหลักสูตรหนึ่งชุมชน', 'สอบ 7', '2021-02-06 00:00:00', '2021-01-22 13:23:23', 1),
(179, 1, 'รายงานลุงคณิต', 'ควย', '2021-02-14 00:00:00', '2021-02-13 19:48:29', 0),
(180, 1, 'ออกแบบเว็บ Covid-19 ให้ใช้โปรแกรม Justinmind', 'ให้ใช้โปรแกรม Justinmind ออกแบบ prototype เว็บ สำหรับบริหารจัดการเกี่ยวกับไวรัสโควิด โดยมีแนวคิดดังนี้\nกระทรวงสาธารณะสุขต้องการสร้างเว็บเพื่อใช้รายงานสถานะการณ์โควิดในประเทศ และต้องการให้ประชาชนทราบว่าบริเวณใกล้ๆที่ตนเองยืนอยู่มีความเสี่ยงในการติดโควิดหรือไม่\nให้นิสิต ออกแบบ prototype เว็บดังกล่าวตามความคิดของตนเอง โดยมี icon หรือเมนู ในการเข้าถึงคำสั่ง และหน้าเว็บของคำสั่งต่างๆ (สิ่งต่างๆ อาจวาดเองหรือ ตัดแปะจาก internet ให้ดูเสมือนจริง) โดยออกแบบให้มีลักษณะเป็นไปตามมาตรฐาน wcag 2.0\nการให้คะแนน พิจารณาจาก\nด้านปริมาณ\n- จำนวน function การทำงาน\n- จำนวนหน้าเว็บ และปริมาณเนื้อหา ทั้งตัวอั', '2021-02-12 00:00:00', '2021-02-10 06:15:30', 0),
(181, 1, 'ทรัพย์', 'งานแบบฝึกหัดท้ายบท บทที่9\n1.สภาวะโลกร้อนคืออะไร มีสาเหตุมาจากอะไร\n2.จงอธิบายผลกระทบการเปลี่ยนแปลงสภาพภูมิอากาศที่มีผลต่อสิ่งมีชีวิตบนโลก', '2021-02-16 00:00:00', '2021-02-15 15:51:33', 0),
(183, 1, 'ทรัพย์อีกแล้วเย็ดแม่', 'ให้นิสิตถอดบทเรียน\nการสร้างมูลค่าเพิ่มจากงานวิจัยพื้นฐาน&rdquo; ศาสตราจารย์ ดร.สมศักดิ์ ปัญหา', '2021-03-09 00:00:00', '2021-02-02 07:40:54', 0),
(184, 59, 'test', 'test', '2021-02-13 00:00:00', '2021-02-12 08:31:39', 1),
(185, 59, 'test2', 'test', '2021-02-20 00:00:00', '2021-02-12 08:31:52', 1),
(186, 1, 'งานแบบฝึกหัดท้ายบท บทที่8', 'ให้นิสิตตอบลงในกระดาษ พร้อมเขียนชื่อและเลขที่ด้านบนซ้ายของกระดาษ, ถ่ายภาพ และ uoload ส่งตามกำหนดเวลา\n1.นิสิตอธิบายสาเหตุและผลกระทบจากการตัดไม้ทำลายป่า\n2.วิกฤตการณ์ที่เกิดขึ้นกับดิน น้ำและพลังงาน คืออะไร และมีสาเหตุจากอะไร                \n3.นิสิตคิดว่าจะเสนอแนวทางในการลดวิกฤตการณ์ที่เกิดขึ้นกับดิน น้ำและพลังงาน อย่างไร\nhttps://classroom.google.com/u/0/c/MjM4NTE0MDg4MTEz/a/MjcwNDQ3MTM4ODU1/details', '2021-02-19 00:00:00', '2021-02-19 07:02:26', 0),
(187, 1, 'ถอดบทเรียน', 'ให้นิสิตถอดบทเรียน\nภูมิปัญญาท้องถิ่นกับการพัฒนานวัตกรรมเชิงพาณิชย์&rdquo; โดย อาจารย์ ดร.อุษา กลิ่นหอม', '2021-03-09 00:00:00', '2021-02-01 17:57:50', 0),
(188, 1, 'ออกแบบโปรแกรมเพื่อผู้สูงอายุ', '- ออกแบบ Prototype โปรแกรมเพื่อให้ผู้สูงอายุใช้งาน 1 โปรแกรม โปรแกรมอะไรก็ได้ (คิดเอง) อาจมี 1-4 หน้าตามความหมาะสมของโปรแกรม\n\n- เป็น Destop Application สำหรับใช้งานบน windows \n\n- ออกแบบด้วยโปรแกรมอะไรก็ได้\n\n- ให้ใช้นำเสนอการใช้งานและอธิบายแนวคิดของโปรแกรม และหน้าแต่ละหน้า โดยการบันทึกวีดีโอขึ้น youtube\n\n- ส่งเป็น link youtube วีดีโอ ใส่ notepad เข้า wbi', '2021-02-26 00:00:00', '2021-02-25 17:18:00', 0),
(189, 1, 'โปรแกรมโทรศัพย์โง่ๆ', '55', '2021-02-24 00:00:00', '2021-02-18 06:36:21', 0),
(190, 1, 'SA', 'แบบฝึก', '2021-02-26 00:00:00', '2021-02-23 16:48:25', 0),
(191, 1, 'SA-รายงาน', 'โมเดล หรือแบบจำลองการพัฒนาซอฟแวร์คืออะไร จงอธิบาย\nทำเป็นรายงาน', '2021-02-26 00:00:00', '2021-02-24 10:18:56', 0),
(192, 46, 'ออกแบบโปรแกรมเพื่อผู้สูงอายุ', '- ออกแบบ Prototype โปรแกรมเพื่อให้ผู้สูงอายุใช้งาน 1 โปรแกรม โปรแกรมอะไรก็ได้ (คิดเอง) อาจมี 1-4 หน้าตามความหมาะสมของโปรแกรม\n\n- เป็น Destop Application สำหรับใช้งานบน windows \n\n- ออกแบบด้วยโปรแกรมอะไรก็ได้\n\n- ให้ใช้นำเสนอการใช้งานและอธิบายแนวคิดของโปรแกรม และหน้าแต่ละหน้า โดยการบันทึกวีดีโอขึ้น youtube\n\n- ส่งเป็น link youtube วีดีโอ ใส่ notepad เข้า wbi', '2021-02-25 00:00:00', '2021-02-27 04:40:39', 0),
(193, 1, 'ทรัพย์', 'ให้นิสิตตอบลงในกระดาษ พร้อมเขียนชื่อและเลขที่ด้านบนซ้ายของกระดาษ, ถ่ายภาพ และ uoload ส่งตามกำหนดเวลา\n1.จงอธิบายคุณค่าและประโยชน์ของฝายแม้ว และหญ้าแฝก\n2.ป่าดอนปู่ตาเป็นการใช้ภูมิปัญญาท้องถิ่นในการอนุรักษ์ป่าไม้ สัตว์บก สัตว์น้ำอย่างไร', '2021-03-02 00:00:00', '2021-02-27 08:58:44', 0),
(194, 1, 'ยายจารี', 'ทำหน้าLogin(แบบโง่ๆ)', '2021-03-03 00:00:00', '2021-02-27 19:49:48', 0),
(196, 1, 'งานเดี่ยว1หลักสูตร', 'เย็ดแม่ไรไม่รู้', '2021-03-18 00:00:00', '2021-03-17 05:38:50', 0),
(197, 1, 'โปรเจคยายจารี', 'บลาๆ', '2021-03-24 00:00:00', '2021-03-17 05:28:47', 0),
(198, 1, 'ให้ออกแบบ prototype โปรแกรมสำหรับใช้งานบน smart phone ', 'โปรแกรม ดูแลสุขภาพสัตว์เลี้ยง  โดยมีแนวคิดว่า คนที่มีสัตว์เลี้ยงต้องการใช้โปรแกรมนี้ในการดูแลสัตว์ของตน คน 1 คนอาจมีสัตว์หลายชนิด หลายตัว สัตว์ต้องการการฉีดวัคซีน ป่วยเข้ารับการรักษา อื่นๆ ตามจินตนาการแต่ละคน\n\nให้ใช้โปรแกรม mockplus ในการออกแบบ', '2021-03-05 00:00:00', '2021-03-03 16:42:30', 0),
(199, 56, 'งานท้ายบทประกันภัย', 'ทำแบบฝึกหัดท้ายบท', '2021-03-12 00:00:00', '2021-03-07 09:19:44', 1),
(200, 56, 'งานเช่าทรัพย์', 'ทำเสร็จแล้ว', '2021-03-15 00:00:00', '2021-02-25 15:40:55', 1),
(201, 1, 'การดูแล', 'การจัดโต๊ะ', '2021-03-05 00:00:00', '2021-02-26 15:58:48', 0),
(202, 1, 'SA', 'เขียนPert DIagram', '2021-03-05 00:00:00', '2021-02-27 19:37:26', 0),
(203, 1, 'SAงานที่เท่าไหร่ไม่รู้', 'ให้นิสิตหาsoftwareเกี่ยวกับการวัดการแผนการทำงานและการจัดการเวลา เช่น MS Project โดยให้ทำรายงานเป็นคู่มือการใช้งาน พร้อมนำเสนอ\n-วิธีการใช้งานและ\n-การทำงานของSoftware \n-ความสามาารถของSW\n-ประโยชน์ของSWยกตัวอย่างกิจกรรมโดยSW', '2021-03-12 00:00:00', '2021-03-10 17:03:55', 0),
(204, 46, 'แบบฝึกท้ายบท SA 2  4 5', 'ทำแบบฝึกในสไลด์', '2021-03-05 00:00:00', '2021-03-08 06:30:03', 0),
(205, 46, 'รายงาน SA', 'ใหนิสิตหา Software เกี่ยวกับการ\nจัดการแผนการทํางานและการ\nจัดการเวลา เชน MS Project โดย\nใหทํารายงานเปนคูมือการใชงาน\nพรอมนําเสนอ วิธีการใชงานและ\nการทํางานของ Software ความ\nสามารถของ SW ประโยชนของ\nSW ยกตัวอยางกิจกรรมที่จัดการ\nโดย S', '2021-03-11 00:00:00', '2021-03-13 03:55:11', 0),
(206, 46, 'ออกแบบ HCI', 'ออกแบบโปรแกรมสัตว์เลี้ยง', '2021-04-02 00:00:00', '2021-03-02 07:33:18', 0),
(207, 1, 'SA', 'แบบฝึกท้ายบท4', '2021-03-05 00:00:00', '2021-02-28 08:36:56', 0),
(208, 1, 'SA', 'แบบฝึกท้ายบท5\n', '2021-03-05 00:00:00', '2021-02-28 08:36:58', 0),
(209, 60, 'แบบฝึกหัดที่2', 'คำถามท้ายบท', '2021-03-06 00:00:00', '2021-02-27 06:10:21', 1),
(211, 60, 'แบบฝึกหัดที่5', 'คำถามท้ายบท', '2021-03-06 00:00:00', '2021-02-27 06:35:58', 1),
(212, 60, 'แบบฝึกหัดที่4', 'คำถามท้ายบท', '2021-03-06 00:00:00', '2021-02-27 06:11:00', 1),
(213, 60, 'รายงานโปรแกรม', 'หาโปรแกรมทำรายงาน', '2021-03-12 00:00:00', '2021-02-27 06:11:56', 1),
(214, 46, 'HCI ออกแบบเกมขุดหนู', 'ออกแบบเกมขุดหนู\n\n- เด็กชาวบ้านต้องทำภารกิจเลี้ยงครอบครัวโดยการออกหาขุดหนูตามทุ่งนา ขุดไปเรื่อยๆ เพื่อเก็บแต้ม หนู 1 ตัว = 1 แต้ม หากขุดผิดรู ไปเจอรูงู ลบ 1 แต้ม\n\nให้ออกแบบ Interface ในการเล่นเกมนี้ ตามจินตนาการและคน วาดในกระดาษแล้วถ่ายรูป หรือ วาดในคอมพิวเตอร์ก็ได้ตามสะดวก\n\nส่งเป็นภาพ JPG', '2021-03-12 00:00:00', '2021-03-13 03:55:15', 0),
(215, 1, 'Hci', 'ออกแบบคำถามเพื่อใช้ทำ Usability Testing\n\nระบบทะเบียน (reg.msu.ac.th) โดยเลือกว่าจะทดสอบ\n\nการทำงานส่วนใด เช่น การลงทะเบียนเรียน .....\n\n \n\nทำใน Word', '2021-03-12 00:00:00', '2021-03-12 09:50:46', 0),
(216, 1, 'Hci', 'ออกแบบเกมขุดหนู\n\n- เด็กชาวบ้านต้องทำภารกิจเลี้ยงครอบครัวโดยการออกหาขุดหนูตามทุ่งนา ขุดไปเรื่อยๆ เพื่อเก็บแต้ม หนู 1 ตัว = 1 แต้ม หากขุดผิดรู ไปเจอรูงู ลบ 1 แต้ม\n\nให้ออกแบบ Interface ในการเล่นเกมนี้ ตามจินตนาการและคน วาดในกระดาษแล้วถ่ายรูป หรือ วาดในคอมพิวเตอร์ก็ได้ตามสะดวก\n\nส่งเป็นภาพ JPG', '2021-03-12 00:00:00', '2021-03-11 19:31:10', 0),
(217, 1, 'ทรัพย์', 'ให้นิสิตตอบลงในกระดาษ พร้อมเขียนชื่อและเลขที่ด้านบนซ้ายของกระดาษ, ถ่ายภาพ และ uoload ส่งตามกำหนดเวลา\n1.นิสิตอธิบายหลักการทางวิทยาศาสตรืและเทคโนโลยีที่ใช้เป็นเครื่องมือในการอนุรักษ์ทรัพยากรธรรมชาติ\n2.จงอธิบายหลักเศรษฐกิจพอเพียงในการอนุรักษ์ทรัพยากรธรรมชาติอย่างยั่งยืน', '2021-03-09 00:00:00', '2021-03-08 15:16:00', 0),
(218, 1, 'ทรัพย์', 'ให้นิสิตตอบลงในกระดาษ พร้อมเขียนชื่อและเลขที่ด้านบนซ้ายของกระดาษ, ถ่ายภาพ และ uoload ส่งตามกำหนดเวลา\n1.พื้นที่ชุมน้ำมีความสำคัญกับระบบนิเวศวิทยาลและทรัพยากรธรรมชาติอย่างไ\n2.อนุสัญญาไซเตสมีหลัการสำคัญอะไร\n3.ทำไมจึงกฎหมายจึงห้ามไม่ให้เพาะพันธุ์สัตว์ป่าทั้งๆที่จะทำให้ปริมาณสัตว์ป่าเพิ่มมากขึ้น', '2021-03-09 00:00:00', '2021-03-08 15:16:02', 0),
(219, 61, 'งานชิ้นที่ 4 Software เกี่ยวกับการจัดการแผนการทำงาน ', 'ให้นิสิตหา Software เกี่ยวกับการจัดการแผนการทำงานและการจัดการเวลา เช่น MS Project โดยให้ทำรายงานเป็นคู่มือการใช้งาน พร้อมนำเสนอ วิธีการใช้งานและการทำงานของ Software ความสามารถของ SW ประโยชน์ของ SW ยกตัวอย่างกิจกรรมที่จัดการโดย SW', '2021-03-12 00:00:00', '2021-03-13 11:16:11', 0),
(220, 61, 'ยา 09 ใบรับแจ้ง', 'ยา 09 ใบรับแจ้ง', '2021-04-04 00:00:00', '2021-03-10 07:52:44', 0),
(221, 61, 'Game ออกแบบเกมขุดหนู', ' เด็กชาวบ้านต้องทำภารกิจเลี้ยงครอบครัวโดยการออกหาขุดหนูตามทุ่งนา ขุดไปเรื่อยๆ เพื่อเก็บแต้ม หนู 1 ตัว = 1 แต้ม หากขุดผิดรู ไปเจอรูงู ลบ 1 แต้ม\n\nให้ออกแบบ Interface ในการเล่นเกมนี้ ตามจินตนาการและคน วาดในกระดาษแล้วถ่ายรูป หรือ วาดในคอมพิวเตอร์ก็ได้ตามสะดวก\n\nส่งเป็นภาพ JPG', '2021-03-12 00:00:00', '2021-03-11 07:59:11', 0),
(222, 61, 'Usability Testing', 'ออกแบบคำถามเพื่อใช้ทำ Usability Testing\n\nระบบทะเบียน (reg.msu.ac.th) โดยเลือกว่าจะทดสอบ\n\nการทำงานส่วนใด เช่น การลงทะเบียนเรียน .....\nทำใน Word', '2021-03-12 00:00:00', '2021-03-13 11:16:13', 0),
(223, 56, 'จีน', 'แบบฝึกหัด', '2021-03-11 00:00:00', '2021-03-07 09:18:53', 1),
(225, 56, 'หนึ่งหลักสูตร', 'ใบงาน1ชิ้น+รายงาน', '2021-03-28 00:00:00', '2021-03-07 09:20:34', 1),
(226, 1, 'Network', '1', '2021-03-30 00:00:00', '2021-03-24 21:47:44', 0),
(227, 1, 'Network', '2', '2021-03-30 00:00:00', '2021-03-28 10:22:16', 0),
(228, 1, 'ทรัพย์', 'งานบทที่ 3-4\n\n1.ให้บอกพืชที่รู้จักที่คุ้นเคยในท้องถิ่นของนิสิตที่มีการใช้ประโยชน์ อย่างน้อย 2 ชนิด พร้อมวาดรูปหรือมีภาพประกอบ (5 คะแนน)\n\n2.ให้บอกสัตว์ที่รู้จักที่คุ้นเคยในท้องถิ่นของนิสิตที่มีการใช้ประโยชน์ อย่างน้อย 2 ชนิด พร้อมวาดรูปหรือมีภาพประกอบ (5 คะแนน)', '2021-03-23 00:00:00', '2021-03-22 18:42:45', 0),
(229, 1, 'ทรัพย์', '1. จงยกตัวอย่างภูมิปัญญาท้องถิ่นทางด้านอาหารในครอบครัวหรือหมู่บ้านหรือชุมชนหรืออำเภอหรือจังหวัดของนิสิต ที่อยากบอกด้วยความภาคภูมิใจ พร้อมวาดรูปหรือใส่ภาพประกอบ (5 คะแนน)\n2.จงยกตัวอย่างภูมิปัญญาท้องถิ่นทางด้านยารักษาโรคหรือการดูแลรักษาสุขภาพในครอบครัวหรือหมู่บ้านหรือชุมชนหรืออำเภอหรือจังหวัดของนิสิต ที่อยากบอกด้วยความภาคภูมิใจ พร้อมวาดรูปหรือใส่ภาพประกอบ (5 คะแนน)\n3.จงยกตัวอย่างภูมิปัญญาท้องถิ่นทางด้านเครื่องนุ่งห่มในครอบครัวหรือหมู่บ้านหรือชุมชนหรืออำเภอหรือจังหวัดของนิสิต ที่อยากบอกด้วยความภาคภูมิใจ พร้อมวาดรูปหรือใส่ภาพประกอบ (5 คะแนน)\n4.จงยกตัวอย่างภูมิปัญญาท้องถิ่นทางด้านที่อยู่อาศัยในครอบ', '2021-03-30 00:00:00', '2021-03-29 19:24:23', 0),
(230, 61, 'งานเดี่ยว 1หลักสูตร', 'งานเดี่ยว 1หลักสูตร', '2021-03-17 00:00:00', '2021-03-15 02:43:54', 1),
(231, 1, 'SA', 'บริษัทประกันชีวิตแห่งหนึ่ง มีเงื่อนไขในการคิดค่าเบี้ยประกันดังนี้คือ ถ้าผู้เอาประกันมี อายุน้อยกว่า 20 ปี จะต้องส่งเบี้ยประกัน 5,000 บาทต่อปี ถ้าผู้เอาประกันมีอายุ 20 ปี แต่ไม่เกิน 45 ปี จะ ต้องส่งเบี้ยประกัน 8,000 บาทต่อปี ถ้าอายุ 45 ปีขึ้นไปจะต้องส่งเบี้ยประกัน 15,000 บาทต่อปี และถ้า หากผู้เอาประกันเสียชีวิตอัตราการให้ผลประโยชน์จะเป็นดังนี้ ถ้าผู้เอาประกันมีอายุน้อยกว่า 20 ปี จะ ได้เงินประกัน 500,000 บาทต่อปี ถ้าผู้เอาประกันมีอายุ 20 ปี แต่ไม่เกิน 45 ปีจะได้เงินประกัน 800,000 บาทต่อปี ถ้าอายุ 45 ปีขึ้นไปจะได้เงินประกัน 1,500,000 บาทต่อปี\n\nจงเขียนคำอธิบายการประมวลผลแบบ\n- Structured Sentences\n', '2021-03-22 00:00:00', '2021-03-21 19:00:19', 0),
(232, 46, 'แบบฝึกหัดบทที่8 (10คะแนน)', 'บริษัทประกันชีวิตแห่งหนึ่ง มีเงื่อนไขในการคิดค่าเบี้ยประกันดังนี้คือ ถ้าผู้เอาประกันมี อายุน้อยกว่า 20 ปี จะต้องส่งเบี้ยประกัน 5,000 บาทต่อปี ถ้าผู้เอาประกันมีอายุ 20 ปี แต่ไม่เกิน 45 ปี จะ ต้องส่งเบี้ยประกัน 8,000 บาทต่อปี ถ้าอายุ 45 ปีขึ้นไปจะต้องส่งเบี้ยประกัน 15,000 บาทต่อปี และถ้า หากผู้เอาประกันเสียชีวิตอัตราการให้ผลประโยชน์จะเป็นดังนี้ ถ้าผู้เอาประกันมีอายุน้อยกว่า 20 ปี จะ ได้เงินประกัน 500,000 บาทต่อปี ถ้าผู้เอาประกันมีอายุ 20 ปี แต่ไม่เกิน 45 ปีจะได้เงินประกัน 800,000 บาทต่อปี ถ้าอายุ 45 ปีขึ้นไปจะได้เงินประกัน 1,500,000 บาทต่อปี\n\nจงเขียนคำอธิบายการประมวลผลแบบ\n- Structured Sentences\n', '2021-03-22 00:00:00', '2021-04-27 11:36:00', 0),
(233, 46, 'รายงานเดี่ยวศิลปะวิจักษ์', 'เขียนด้วยลายมือ สแกนส่ง pdf กำหนดส่งไม่เกิน 26 มีนาคม02564 เวลา 23.59 น. ระบบจะปิดการส่งงาน', '2021-03-25 00:00:00', '2021-04-27 11:35:58', 0),
(234, 1, 'Sa', '1. การออกแบบรายงานทางเครื่องพิมพ์ต่างจากการออกแบบทางหน้าจอหรือไม่อย่างไร\n2. เพราะเหตุใดในการออกแบบระบบจึงต้องออกแบบ Output ก่อน Input\n3. เพราะเหตุใดเราจึงต้องสร้างรหัสข้อมูล\n4. เพราะเหตุใดจึงต้องมีการทดสอบระบบ\n5. อธิบายการทดสอบระบบแบบ Black Box\n\n* เขียนด้วยลายมือแล้วถ่ายรูปส่ง\n', '2021-03-31 00:00:00', '2021-03-30 18:44:10', 0),
(235, 1, 'Sa', '1. การออกแบบรายงานทางเครื่องพิมพ์ต่างจากการออกแบบทางหน้าจอหรือไม่อย่างไร\nจากรายงานผลการเรียนของนิสิต 2 คนดังในรูป ให้ออกแบบฐานข้อมูล และ ER - Diagram\n\n*วาดในกระดาษแล้วถ่ายรูปส่ง ', '2021-04-11 00:00:00', '2021-04-10 17:25:16', 0),
(236, 46, 'ใบงานรายวิชา 0032001 มนุษย์กับอารยธรรม', 'นิสิตตอบคำถามที่กำหนดให้ เนื้อหาความยาวไม่เกิน 1 หน้ากระดาษ  ในระบบ  Google Form ภายในระหว่างวันที่ 15-16 พฤษภาคม 2564 เวลา 08.30-16.30 น. เท่านั้น หากไม่ดำเนินการตามคำชี้แจงดังกล่าว จะถือว่านิสิตไม่ได้ส่งงานและจะไม่มีคะแนนในใบงานนี้', '2021-05-16 00:00:00', '2021-05-16 12:16:01', 0),
(237, 46, 'ใบงานที่ 3 การประยุกต์คณิตศาสตร์และสถิติในชีวิตประจำวัน', 'ใบงานที่ 3 การประยุกต์คณิตศาสตร์และสถิติในชีวิตประจำวัน\nให้ทำใน google form และส่งภายในวันพฤหัสบดีที่ 28 เมษายน 64 เวลา 20.00 น.\n', '2021-05-25 00:00:00', '2021-05-16 12:16:17', 0),
(238, 63, 'MATH', 'Page1-10', '2021-05-20 00:00:00', '2021-05-14 06:48:27', 0),
(239, 63, 'vocab', 'Page1-10', '2021-05-20 00:00:00', '2021-05-14 06:53:39', 1),
(240, 63, 'history', 'topic1-2', '2021-05-17 00:00:00', '2021-05-14 06:53:01', 1),
(241, 46, 'ยาและผลิตภัณฑ์สุขภาพเพื่อคุณภาพชีวิต งานมอบหมาย 2 ', '(1) งานมอบหมายนี้มีวัตถุประสงค์เพื่อให้นิสิตมีความรู้ความเข้าใจเกี่ยวกับลักษณะของผลิตภัณฑ์ที่ผิดกฎหมายหรือส่อว่ามีอันตรายต่อผู้บริโภค เพื่อช่วยในการเผ้าระวังและป้องกันตนเองและคนรอบข้างให้ไม่หลงเชื่อหรือได้ร้บอันตรายจากผลิตภัณฑ์ดังกล่าว\n(2)  ให้นิสิตค้นหาผลิตภัณฑ์ยาหรือผลิตภัณฑ์เสริมอาหารหรือเครื่องสำอางที่อาจเป็นอันตราย(จากการหาข้อมูลเพิ่มเติมแล้วพบว่ามีแนวโน้มก่ออันตรายหรือผิดกฎหมาย) จำนวน 1 ผลิตภัณฑ์ จากที่นิสิตใช้เองหรือคนรอบข้าง หรือหาซื้อตามท้องตลาด แล้วกรอกข้อมูลตามแบบฟอร์มที่กำหนดให้\n(3)  ให้ดูสไลด์คำชี้แจงและตัวอย่าง ก่อนลงมือกรอกข้อมูล เพื่อลดข้อสงสัยต่าง ๆ ที่อาจเกิดขึ้นระหว่างการหาข', '2021-06-01 00:00:00', '2021-05-19 14:53:58', 1),
(242, 46, '07รู้ทันผลิตภัณฑ์สุขภาพ (แบบทดสอบท้ายบทเรียน)', 'แบบทดสอบท้ายบทเรียน', '2021-06-01 00:00:00', '2021-05-19 16:15:50', 0),
(243, 46, '08ลดน้ำหนักหนักกว่าเก่า (แบบทดสอบท้ายบทเรียน)', 'แบบทดสอบท้ายบทเรียน', '2021-06-01 00:00:00', '2021-05-19 16:15:52', 0),
(244, 46, '09อยากสวยต้องไม่เสี่ยง (แบบฝึกหัด และแบบทดสอบท้ายบทเรียน)', 'แบบทดสอบท้ายบทเรียน', '2021-06-01 00:00:00', '2021-05-19 16:15:54', 0),
(245, 46, '10เครื่องดื่มสมุนไพรไม่ใช่ยารักษาโรค (แบบทดสอบท้ายบทเรียน)', 'แบบทดสอบท้ายบทเรียน', '2021-06-01 00:00:00', '2021-05-19 16:15:56', 0),
(246, 46, '11ทุกข์ล้นเหลือเหยื่อโฆษณา (แบบทดสอบท้ายบทเรียน)', 'แบบทดสอบท้ายบทเรียน', '2021-06-01 00:00:00', '2021-05-19 14:56:18', 1),
(247, 46, '12อย่าปล่อยให้สเตียรอยด์ลอยนวล (แบบทดสอบท้ายบทเรียน)', 'แบบทดสอบท้ายบทเรียน', '2021-06-01 00:00:00', '2021-05-19 14:56:31', 1),
(248, 46, 'ภาวะผู้นำ', 'ส่งงานชิ้นที่ 2 รายงานการดำเนินโครงการพัฒนาภาวะผู้นำให้เกิดขึ้นในตนเอง', '2021-05-27 00:00:00', '2021-05-19 14:57:35', 1),
(249, 46, 'ภาวะผู้นำ', 'ส่ง Power Point รายงานการดำเนินโครงการพัฒนาภาวะผู้นำให้เกิดขึ้นในตนเอง', '2021-05-27 00:00:00', '2021-05-19 14:57:49', 1);

--
-- ทริกเกอร์ `WORK`
--
DELIMITER $$
CREATE TRIGGER `AF_UP_WORK` AFTER UPDATE ON `WORK` FOR EACH ROW BEGIN 
	IF(NEW.WORK_STATUS=0) THEN
			INSERT INTO WORK_DONE_LOG SET WORK_ID = OLD.WORK_ID;
	END IF;
END
$$
DELIMITER ;

-- --------------------------------------------------------

--
-- โครงสร้างตาราง `WORK_DONE_LOG`
--

CREATE TABLE `WORK_DONE_LOG` (
  `D_ID` int(20) NOT NULL,
  `WORK_ID` int(20) DEFAULT NULL,
  `TIME_REG` timestamp NOT NULL DEFAULT CURRENT_TIMESTAMP
) ENGINE=MyISAM DEFAULT CHARSET=tis620;

--
-- dump ตาราง `WORK_DONE_LOG`
--

INSERT INTO `WORK_DONE_LOG` (`D_ID`, `WORK_ID`, `TIME_REG`) VALUES
(6, 147, '2021-01-10 07:11:11'),
(2, 154, '2021-01-09 19:15:35'),
(3, 153, '2021-01-09 19:15:46'),
(4, 155, '2021-01-09 19:16:49'),
(5, 156, '2021-01-10 04:12:22'),
(7, 146, '2021-01-10 10:10:35'),
(8, 148, '2021-01-10 11:35:03'),
(9, 145, '2021-01-10 20:57:00'),
(10, 149, '2021-01-11 06:12:48'),
(11, 144, '2021-01-11 09:08:34'),
(12, 152, '2021-01-13 19:01:29'),
(13, 166, '2021-01-17 19:38:15'),
(14, 163, '2021-01-17 19:38:23'),
(15, 157, '2021-01-18 06:20:15'),
(16, 162, '2021-01-18 14:32:18'),
(17, 167, '2021-01-18 15:37:58'),
(18, 164, '2021-01-20 18:03:22'),
(19, 169, '2021-01-25 06:06:51'),
(20, 171, '2021-01-29 09:06:39'),
(21, 175, '2021-01-31 05:21:56'),
(22, 180, '2021-02-10 06:15:30'),
(23, 179, '2021-02-13 19:48:29'),
(24, 181, '2021-02-15 15:51:33'),
(25, 189, '2021-02-18 06:36:21'),
(26, 186, '2021-02-19 07:02:26'),
(27, 168, '2021-02-22 11:14:39'),
(28, 170, '2021-02-22 11:14:41'),
(29, 190, '2021-02-23 16:48:25'),
(30, 191, '2021-02-24 10:18:56'),
(31, 188, '2021-02-25 17:18:00'),
(32, 201, '2021-02-26 15:58:48'),
(33, 192, '2021-02-27 04:40:39'),
(34, 193, '2021-02-27 08:58:44'),
(35, 202, '2021-02-27 19:37:26'),
(36, 194, '2021-02-27 19:49:48'),
(37, 207, '2021-02-28 08:36:56'),
(38, 208, '2021-02-28 08:36:58'),
(39, 187, '2021-03-01 17:57:50'),
(40, 206, '2021-03-02 07:33:18'),
(41, 183, '2021-03-02 07:40:54'),
(42, 187, '2021-03-02 07:55:36'),
(43, 183, '2021-03-02 07:55:42'),
(44, 198, '2021-03-03 16:42:30'),
(45, 204, '2021-03-08 06:30:03'),
(46, 217, '2021-03-08 15:16:00'),
(47, 218, '2021-03-08 15:16:02'),
(48, 220, '2021-03-10 07:52:44'),
(49, 203, '2021-03-10 17:03:55'),
(50, 221, '2021-03-11 07:59:11'),
(51, 216, '2021-03-11 19:31:10'),
(52, 215, '2021-03-12 09:50:46'),
(53, 205, '2021-03-13 03:55:11'),
(54, 214, '2021-03-13 03:55:15'),
(55, 219, '2021-03-13 11:16:11'),
(56, 222, '2021-03-13 11:16:13'),
(57, 197, '2021-03-17 05:28:47'),
(58, 196, '2021-03-17 05:38:50'),
(59, 231, '2021-03-21 19:00:19'),
(60, 228, '2021-03-22 18:42:45'),
(61, 226, '2021-03-24 21:47:44'),
(62, 227, '2021-03-28 10:22:16'),
(63, 229, '2021-03-29 19:24:23'),
(64, 234, '2021-03-30 18:44:10'),
(65, 235, '2021-04-10 17:25:16'),
(66, 233, '2021-04-27 11:35:58'),
(67, 232, '2021-04-27 11:36:00'),
(68, 238, '2021-05-14 06:48:27'),
(69, 236, '2021-05-16 12:16:01'),
(70, 237, '2021-05-16 12:16:17'),
(71, 242, '2021-05-19 16:15:50'),
(72, 243, '2021-05-19 16:15:52'),
(73, 244, '2021-05-19 16:15:54'),
(74, 245, '2021-05-19 16:15:56');

--
-- Indexes for dumped tables
--

--
-- Indexes for table `FB_USER`
--
ALTER TABLE `FB_USER`
  ADD PRIMARY KEY (`FB_USER_ID`),
  ADD KEY `FB_USER_FK` (`USER_ID`);

--
-- Indexes for table `LOGIN_LOG`
--
ALTER TABLE `LOGIN_LOG`
  ADD PRIMARY KEY (`LOG_ID`),
  ADD KEY `LOG_FK1` (`USER_ID`);

--
-- Indexes for table `USER`
--
ALTER TABLE `USER`
  ADD PRIMARY KEY (`USER_ID`) USING BTREE,
  ADD UNIQUE KEY `USER_USERNAME` (`USER_USERNAME`) USING BTREE,
  ADD UNIQUE KEY `USER_USERNAME_2` (`USER_USERNAME`);

--
-- Indexes for table `USER_LINE_TOKEN`
--
ALTER TABLE `USER_LINE_TOKEN`
  ADD PRIMARY KEY (`UL_ID`),
  ADD UNIQUE KEY `USER_ID` (`USER_ID`);

--
-- Indexes for table `WORK`
--
ALTER TABLE `WORK`
  ADD PRIMARY KEY (`WORK_ID`) USING BTREE,
  ADD KEY `WORK_FK1` (`USER_ID`) USING BTREE;

--
-- Indexes for table `WORK_DONE_LOG`
--
ALTER TABLE `WORK_DONE_LOG`
  ADD PRIMARY KEY (`D_ID`),
  ADD KEY `WORK_ID` (`WORK_ID`);

--
-- AUTO_INCREMENT for dumped tables
--

--
-- AUTO_INCREMENT for table `FB_USER`
--
ALTER TABLE `FB_USER`
  MODIFY `FB_USER_ID` int(10) NOT NULL AUTO_INCREMENT, AUTO_INCREMENT=7;

--
-- AUTO_INCREMENT for table `LOGIN_LOG`
--
ALTER TABLE `LOGIN_LOG`
  MODIFY `LOG_ID` int(10) NOT NULL AUTO_INCREMENT, AUTO_INCREMENT=379;

--
-- AUTO_INCREMENT for table `USER`
--
ALTER TABLE `USER`
  MODIFY `USER_ID` int(10) NOT NULL AUTO_INCREMENT, AUTO_INCREMENT=64;

--
-- AUTO_INCREMENT for table `USER_LINE_TOKEN`
--
ALTER TABLE `USER_LINE_TOKEN`
  MODIFY `UL_ID` int(10) NOT NULL AUTO_INCREMENT, AUTO_INCREMENT=14;

--
-- AUTO_INCREMENT for table `WORK`
--
ALTER TABLE `WORK`
  MODIFY `WORK_ID` int(10) NOT NULL AUTO_INCREMENT, AUTO_INCREMENT=251;

--
-- AUTO_INCREMENT for table `WORK_DONE_LOG`
--
ALTER TABLE `WORK_DONE_LOG`
  MODIFY `D_ID` int(20) NOT NULL AUTO_INCREMENT, AUTO_INCREMENT=75;

--
-- Constraints for dumped tables
--

--
-- Constraints for table `WORK`
--
ALTER TABLE `WORK`
  ADD CONSTRAINT `WORK_FK1` FOREIGN KEY (`USER_ID`) REFERENCES `USER` (`USER_ID`) ON DELETE CASCADE ON UPDATE CASCADE;
COMMIT;

/*!40101 SET CHARACTER_SET_CLIENT=@OLD_CHARACTER_SET_CLIENT */;
/*!40101 SET CHARACTER_SET_RESULTS=@OLD_CHARACTER_SET_RESULTS */;
/*!40101 SET COLLATION_CONNECTION=@OLD_COLLATION_CONNECTION */;
